47, Part, 32, 0, 0, 0, 0, -1, HEnd
48, Part, 44, 0, 0, 0, 0, -1, Anim, 0, 0, HEnd
49, Part, 44, 0, 0, 0, 0, -1, Anim, 0, 0, HEnd
50, Part, 32, 0, 0, 0, 0, -1, HEnd
51, Part, 32, 0, 0, 0, 0, -1, HEnd
52, Part, 32, 0, 0, 0, 0, -1, HEnd
53, Part, 32, 0, 0, 0, 0, -1, HEnd
54, Part, 32, 0, 0, 0, 0, -1, HEnd
55, Part, 32, 0, 0, 0, 0, -1, HEnd
56, Part, 32, 0, 0, 0, 0, -1, HEnd
57, Part, 32, 0, 0, 0, 0, -1, HEnd
58, Part, 32, 0, 0, 0, 0, -1, HEnd
59, Part, 32, 0, 0, 0, 0, -1, HEnd
60, Part, 32, 0, 0, 0, 0, -1, HEnd
61, Part, 32, 0, 0, 0, 0, -1, HEnd
62, Part, 32, 0, 0, 0, 0, -1, HEnd
63, Part, 32, 0, 0, 0, 0, -1, HEnd
64, Part, 32, 0, 0, 0, 0, -1, HEnd
65, Part, 32, 0, 0, 0, 0, -1, HEnd
66, Part, 32, 0, 0, 0, 0, -1, HEnd
67, Part, 32, 0, 0, 0, 0, -1, HEnd
68, Part, 32, 0, 0, 0, 0, -1, HEnd
69, Part, 32, 0, 0, 0, 0, -1, HEnd
70, Part, 32, 0, 0, 0, 0, -1, HEnd
71, Part, 32, 0, 0, 0, 0, -1, HEnd
72, Part, 32, 0, 0, 0, 0, -1, HEnd
73, Part, 32, 0, 0, 0, 0, -1, HEnd
74, Part, 32, 0, 0, 0, 0, -1, HEnd
75, Part, 32, 0, 0, 0, 0, -1, HEnd
76, Part, 32, 0, 0, 0, 0, -1, HEnd
77, Part, 32, 0, 0, 0, 0, -1, HEnd
78, Part, 32, 0, 0, 0, 0, -1, HEnd
79, Part, 32, 0, 0, 0, 0, -1, HEnd
80, Part, 32, 0, 0, 0, 0, -1, HEnd
81, Part, 32, 0, 0, 0, 0, -1, HEnd
82, Part, 32, 0, 0, 0, 0, -1, HEnd
83, Part, 32, 0, 0, 0, 0, -1, HEnd
84, Part, 32, 0, 0, 0, 0, -1, HEnd
85, Part, 32, 0, 0, 0, 0, -1, HEnd
116, Part, 32, 0, 0, 0, 0, -1, HEnd
117, Part, 32, 0, 0, 0, 0, -1, HEnd
118, Part, 32, 0, 0, 0, 0, -1, HEnd
119, Part, 32, 0, 0, 0, 0, -1, HEnd
120, Part, 44, 0, 0, 0, 0, -1, Anim, 0, 0, HEnd
121, Part, 32, 0, 0, 0, 0, -1, HEnd
122, Part, 32, 0, 0, 0, 0, -1, HEnd
123, Part, 32, 0, 0, 0, 0, -1, HEnd
124, Part, 32, 0, 0, 0, 0, -1, HEnd
125, Part, 32, 0, 0, 0, 0, -1, HEnd
126, Part, 32, 0, 0, 0, 0, -1, HEnd
127, Part, 32, 0, 0, 0, 0, -1, HEnd
147, Part, 44, 0, 0, 0, 0, -1, Anim, 0, 0, HEnd
154, Part, 32, 0, 0, 0, 0, -1, HEnd
157, Part, 32, 0, 0, 0, 0, -1, HEnd
158, Part, 32, 0, 0, 0, 0, -1, HEnd
159, Part, 32, 0, 0, 0, 0, -1, HEnd
160, Part, 32, 0, 0, 0, 0, -1, HEnd
161, Part, 32, 0, 0, 0, 0, -1, HEnd
162, Part, 32, 0, 0, 0, 0, -1, HEnd
163, Part, 32, 0, 0, 0, 0, -1, HEnd
164, Part, 32, 0, 0, 0, 0, -1, HEnd
165, Part, 32, 0, 0, 0, 0, -1, HEnd
166, Part, 32, 0, 0, 0, 0, -1, HEnd
167, Part, 32, 0, 0, 0, 0, -1, HEnd
168, Part, 32, 0, 0, 0, 0, -1, HEnd
169, Part, 32, 0, 0, 0, 0, -1, HEnd
170, Part, 32, 0, 0, 0, 0, -1, HEnd
171, Part, 32, 0, 0, 0, 0, -1, HEnd
172, Part, 32, 0, 0, 0, 0, -1, HEnd
173, Part, 32, 0, 0, 0, 0, -1, HEnd
174, Part, 32, 0, 0, 0, 0, -1, HEnd
177, Part, 32, 0, 0, 0, 0, -1, HEnd
178, Part, 32, 0, 0, 0, 0, -1, HEnd
179, Part, 32, 0, 0, 0, 0, -1, HEnd
180, Part, 32, 0, 0, 0, 0, -1, HEnd
181, Part, 32, 0, 0, 0, 0, -1, HEnd
182, Part, 32, 0, 0, 0, 0, -1, HEnd
183, Part, 32, 0, 0, 0, 0, -1, HEnd
184, Part, 32, 0, 0, 0, 0, -1, HEnd
185, Part, 32, 0, 0, 0, 0, -1, HEnd
186, Part, 32, 0, 0, 0, 0, -1, HEnd
187, Part, 32, 0, 0, 0, 0, -1, HEnd
188, Part, 32, 0, 0, 0, 0, -1, HEnd
189, Part, 32, 0, 0, 0, 0, -1, HEnd
190, Part, 32, 0, 0, 0, 0, -1, HEnd
191, Part, 32, 0, 0, 0, 0, -1, HEnd
192, Part, 32, 0, 0, 0, 0, -1, HEnd
193, Part, 32, 0, 0, 0, 0, -1, HEnd
194, Part, 32, 0, 0, 0, 0, -1, HEnd
195, Part, 32, 0, 0, 0, 0, -1, HEnd
196, Part, 44, 0, 0, 0, 0, -1, Anim, 0, 0, HEnd
198, Part, 32, 0, 0, 0, 0, -1, HEnd
199, Part, 32, 0, 0, 0, 0, -1, HEnd
200, Part, 32, 0, 0, 0, 0, -1, HEnd
201, Part, 32, 0, 0, 0, 0, -1, HEnd
202, Part, 32, 0, 0, 0, 0, -1, HEnd
203, Part, 32, 0, 0, 0, 0, -1, HEnd
204, Part, 32, 0, 0, 0, 0, -1, HEnd
205, Part, 32, 0, 0, 0, 0, -1, HEnd
206, Part, 32, 0, 0, 0, 0, -1, HEnd
207, Part, 32, 0, 0, 0, 0, -1, HEnd
208, Part, 32, 0, 0, 0, 0, -1, HEnd
209, Part, 68, 0, 0, 0, 0, -1, Anim, 0, 0, 0, 0, 0, 0, 0, 0, HEnd
210, Part, 32, 0, 0, 0, 0, -1, HEnd
211, Part, 32, 0, 0, 0, 0, -1, HEnd
212, Part, 32, 0, 0, 0, 0, -1, HEnd
213, Part, 32, 0, 0, 0, 0, -1, HEnd
214, Part, 32, 0, 0, 0, 0, -1, HEnd
215, Part, 32, 0, 0, 0, 0, -1, HEnd
216, Part, 32, 0, 0, 0, 0, -1, HEnd
217, Part, 32, 0, 0, 0, 0, -1, HEnd
218, Part, 32, 0, 0, 0, 0, -1, HEnd
219, Part, 32, 0, 0, 0, 0, -1, HEnd
220, Part, 32, 0, 0, 0, 0, -1, HEnd
221, Part, 32, 0, 0, 0, 0, -1, HEnd
222, Part, 32, 0, 0, 0, 0, -1, HEnd
223, Part, 32, 0, 0, 0, 0, -1, HEnd
224, Part, 32, 0, 0, 0, 0, -1, HEnd
225, Part, 32, 0, 0, 0, 0, -1, HEnd
226, Part, 32, 0, 0, 0, 0, -1, HEnd
227, Part, 32, 0, 0, 0, 0, -1, HEnd
228, Part, 32, 0, 0, 0, 0, -1, HEnd
229, Part, 32, 0, 0, 0, 0, -1, HEnd
230, Part, 32, 0, 0, 0, 0, -1, HEnd
234, Part, 32, 0, 0, 0, 0, -1, HEnd
235, Part, 32, 0, 0, 0, 0, -1, HEnd
236, Part, 32, 0, 0, 0, 0, -1, HEnd
237, Part, 32, 0, 0, 0, 0, -1, HEnd
238, Part, 32, 0, 0, 0, 0, -1, HEnd
239, Part, 32, 0, 0, 0, 0, -1, HEnd
240, Part, 32, 0, 0, 0, 0, -1, HEnd
241, Part, 32, 0, 0, 0, 0, -1, HEnd
242, Part, 32, 0, 0, 0, 0, -1, HEnd
243, Part, 32, 0, 0, 0, 0, -1, HEnd
249, Part, 32, 0, 0, 0, 0, -1, HEnd
250, Part, 32, 0, 0, 0, 0, -1, HEnd
251, Part, 72, 0, 0, 0, 0, -1, Anim, 0, 0, 0, 0, 0, 0, 0, 0, 0, HEnd
252, Part, 72, 0, 0, 0, 0, -1, Anim, 0, 0, 0, 0, 0, 0, 0, 0, 0, HEnd
253, Part, 32, 0, 0, 0, 0, -1, HEnd
254, Part, 72, 0, 0, 0, 0, -1, Anim, 0, 0, 0, 0, 0, 0, 0, 0, 0, HEnd
255, Part, 20, 112, -1, HEnd
256, Part, 20, 112, -1, HEnd
257, Part, 20, 112, -1, HEnd
258, Part, 20, 112, -1, HEnd
259, Part, 20, 112, -1, HEnd
260, Part, 20, 112, -1, HEnd
261, Part, 20, 112, -1, HEnd
262, Part, 20, 112, -1, HEnd
263, Part, 20, 112, -1, HEnd
264, Part, 20, 112, -1, HEnd
265, Part, 20, 112, -1, HEnd
266, Part, 20, 112, -1, HEnd
267, Part, 20, 112, -1, HEnd
268, Part, 20, 112, -1, HEnd
269, Part, 36, 128, -1, Anim, 0, 0, 0, HEnd
270, Part, 20, 112, -1, HEnd
271, Part, 20, 112, -1, HEnd
272, Part, 20, 112, -1, HEnd
273, Part, 60, 152, -1, Anim, 0, 0, 0, 0, 0, 0, 0, 0, 0, HEnd
274, Part, 20, 112, -1, HEnd
275, Part, 32, 124, -1, Anim, 0, 0, HEnd
276, Part, 20, 112, -1, HEnd
277, Part, 20, 112, -1, HEnd
278, Part, 32, 0, 0, 0, 0, -1, HEnd
279, Part, 32, 0, 0, 0, 0, -1, HEnd
280, Part, 32, 0, 0, 0, 0, -1, HEnd
295, Part, 72, 0, 0, 0, 0, -1, Anim, 0, 0, 0, 0, 0, 0, 0, 0, 0, HEnd
296, Part, 72, 0, 0, 0, 0, -1, Anim, 0, 0, 0, 0, 0, 0, 0, 0, 0, HEnd
302, Part, 20, 112, -1, HEnd
303, Part, 20, 112, -1, HEnd
306, Part, 72, 0, 0, 0, 0, -1, Anim, 0, 0, 0, 0, 0, 0, 0, 0, 0, HEnd
307, Part, 64, 0, 0, 0, 0, -1, Anim, 0, 0, 0, 0, 0, 0, 0, HEnd
308, Part, 80, 0, 0, 0, 0, -1, Anim, 0, 0, 0, 0, 0, 0, 0, 0, 0, 0, 0, HEnd
309, Part, 76, 0, 0, 0, 0, -1, Anim, 0, 0, 0, 0, 0, 0, 0, 0, 0, 0, HEnd
310, Part, 60, 0, 0, 0, 0, -1, Anim, 0, 0, 0, 0, 0, 0, HEnd
311, Part, 72, 0, 0, 0, 0, -1, Anim, 0, 0, 0, 0, 0, 0, 0, 0, 0, HEnd
312, Part, 80, 0, 0, 0, 0, -1, Anim, 0, 0, 0, 0, 0, 0, 0, 0, 0, 0, 0, HEnd
313, Part, 32, 0, 0, 0, 0, -1, HEnd
317, Part, 44, 0, 0, 0, 0, -1, Anim, 0, 0, HEnd
318, Part, 72, 0, 0, 0, 0, -1, Anim, 0, 0, 0, 0, 0, 0, 0, 0, 0, HEnd
320, Part, 44, 0, 0, 0, 0, -1, Anim, 0, 0, HEnd
321, Part, 32, 0, 0, 0, 0, -1, HEnd
322, Part, 32, 0, 0, 0, 0, -1, HEnd